{"sidebar-1":{"text-2":{"title":"\u0627\u0634\u062a\u06c1\u0627\u0631","text":"<center>\r\n<a href=\"http:\/\/stylothemes.com\/shop\/product\/urdu-paper-premium-urdu-newspaper-theme\/\" target=\"_blank\">\r\n<img src=\"http:\/\/stylothemes.com\/ads\/upp-300.jpg\">\r\n<\/a>\r\n<\/center>","filter":false},"text-3":{"title":"\u06c1\u0645\u0627\u0631\u0627 \u0641\u06cc\u0633 \u0628\u06a9 \u067e\u06cc\u062c","text":"<center>\r\n<iframe src=\"https:\/\/www.facebook.com\/plugins\/page.php?href=https%3A%2F%2Fwww.facebook.com%2Fstylothemes%2F&tabs&width=340&height=214&small_header=false&adapt_container_width=true&hide_cover=false&show_facepile=true&appId=877724409009060\" width=\"340\" height=\"214\" style=\"border:none;overflow:hidden\" scrolling=\"no\" frameborder=\"0\" allowTransparency=\"true\"><\/iframe>\r\n<\/center>","filter":false}},"sidebar-2":{"upress_posts_widget-2":{"title":"\u0641\u06cc\u0686\u0631 \u06a9\u0627\u0644\u0645\u0632","category":"featured-comuns","limit":"6","thumbsize":"0"}},"sidebar-single":{"text-8":{"title":"\u0627\u0634\u062a\u06c1\u0627\u0631","text":"<center>\r\n<a href=\"http:\/\/stylothemes.com\/shop\/product\/urdu-paper-premium-urdu-newspaper-theme\/\" target=\"_blank\">\r\n<img src=\"http:\/\/stylothemes.com\/ads\/upp-300.jpg\">\r\n<\/a>\r\n<\/center>","filter":false},"upaper_featured_posts_widget-2":{"title":"\u0645\u0642\u0628\u0648\u0644 \u062e\u0628\u0631\u06cc\u06ba","limit":"10"},"text-9":{"title":"\u0646\u06cc\u0648\u0632 \u0644\u06cc\u0679\u0631 \u0645\u06cc\u06ba \u0634\u0645\u0648\u0644\u06cc\u062a","text":"<div class=\"upaper-newsletter\">\r\n<p>\r\n\u062a\u0627\u0632\u06c1 \u062a\u0631\u06cc\u0646 \u062e\u0628\u0631\u06cc\u06ba \u0631\u0648\u0632\u0627\u0646\u06c1 \u0627\u067e\u0646\u06d2 \u0645\u06cc\u0644 \u0628\u0627\u06a9\u0633 \u0645\u06cc\u06ba \u062d\u0627\u0635\u0644 \u06a9\u0631\u0646\u06d2 \u06a9\u06d2 \u0644\u06cc\u06d2 \u06c1\u0645\u0627\u0631\u06d2 \u0646\u06cc\u0648\u0632 \u0644\u06cc\u0679\u0631 \u0645\u06cc\u06ba \u0633\u0628\u0633\u06a9\u0631\u0627\u0626\u0628 \u06a9\u0631\u06cc\u06ba\u06d4 \u0628\u06d2 \u0641\u06a9\u0631 \u0631\u06c1\u06cc\u06ba\u060c \u06c1\u0645\u06cc\u06ba \u0628\u06be\u06cc \u0633\u067e\u06cc\u0645\u0646\u06af \u0633\u06d2 \u0646\u0641\u0631\u062a \u06c1\u06d2!\r\n<\/p>\r\n[contact-form-7 id=\"287\" title=\"subscribe\"]\r\n<\/div>","filter":false}},"header-ad":{"text-4":{"title":"","text":"<a href=\"http:\/\/stylothemes.com\/shop\/product\/urdu-paper-premium-urdu-newspaper-theme\/\" target=\"_blank\">\r\n<img src=\"http:\/\/stylothemes.com\/ads\/upp-banner.jpg\">\r\n<\/a>","filter":false}},"ad-block1":{"text-5":{"title":"","text":"<center>\r\n<a href=\"http:\/\/stylothemes.com\/shop\/product\/urdu-paper-premium-urdu-newspaper-theme\/\" target=\"_blank\">\r\n<img src=\"http:\/\/stylothemes.com\/ads\/upp-banner.jpg\">\r\n<\/a>\r\n<\/center>","filter":false}},"ad-block2":{"text-6":{"title":"","text":"<center>\r\n<a href=\"http:\/\/stylothemes.com\/shop\/product\/urdu-paper-premium-urdu-newspaper-theme\/\" target=\"_blank\">\r\n<img src=\"http:\/\/stylothemes.com\/ads\/upp-banner.jpg\">\r\n<\/a>\r\n<\/center>","filter":false}},"ad-block3":{"text-7":{"title":"","text":"<center>\r\n<a href=\"http:\/\/stylothemes.com\/shop\/product\/urdu-paper-premium-urdu-newspaper-theme\/\" target=\"_blank\">\r\n<img src=\"http:\/\/stylothemes.com\/ads\/upp-banner.jpg\">\r\n<\/a>\r\n<\/center>","filter":false}},"footer-1":{"nav_menu-2":{"title":"\u0627\u06c1\u0645 \u0635\u0641\u062d\u0627\u062a","nav_menu":21}},"footer-2":{"nav_menu-3":{"title":"\u06c1\u0645\u0627\u0631\u0627 \u0646\u06cc\u0679 \u0648\u0631\u06a9","nav_menu":24}},"footer-3":{"nav_menu-4":{"title":"\u06c1\u0645 \u0633\u06d2 \u0631\u0627\u0628\u0637\u06c1 \u06a9\u06d2 \u0630\u0631\u0627\u0626\u0639\u06d2","nav_menu":25}},"footer-4":{"tag_cloud-2":{"title":"\u0627\u06c1\u0645 \u06a9\u06cc\u0679\u0627 \u06af\u0631\u06cc\u0632","taxonomy":"category"}}}